#Tαble S13. Interproton distances (Å) for Peptide 5 derived from NOE build-up measurements.,,,,,,,
,Residue A,Residue B,δA (ppm),δB (ppm),σ,R2,Distance rAB (Å)
1,N1NH,Q9NH,9.32,7.57,1.22E-05,0.99,3.25
2,N1NH,G10NH,9.32,8.18,9.86E-05,0.99,2.30
3,N1NH,V2α,9.32,4.19,0.000422,0.99,1.80
4,S(Me)8NH,Q9α,8.78,4.53,0.000358,0.99,1.85
5,A(Cl)3NH,A4NH,8.75,7.67,1.93E-05,0.98,3.01
6,G5NH,A4NH,8.61,7.67,0.000133,0.99,2.18
7,V2NH,G10NH,8.60,8.18,1.93E-05,0.99,3.01
8,V2NH,A(Cl)3α,8.60,5.25,0.000373,0.99,1.84
9,V2NH,Q9NH,8.60,7.57,8.11E-05,0.99,2.37
10,V7NH,A4NH,8.51,7.67,5.10E-05,0.99,2.56
11,V7NH,A(Cl)3α,8.51,5.25,8.48E-05,0.99,2.35
12,G10NH,N1α,8.18,4.07,0.000119,0.99,2.22
13,G10NH,V2α,8.18,4.19,2.74E-05,0.99,2.84
14,G10NH,Q9NH,8.18,7.57,0.00013,0.99,2.19
15,Q9NH,S(Me)8α,7.57,4.80,5.56E-06,0.98,3.71
16,Q9NH,N1α,7.57,4.07,1.32E-05,0.99,3.21
17,A(Cl)3α,A4α,5.25,4.66,1.60E-05,0.98,3.11
18,A(Cl)3α,Q9α,5.25,4.53,4.35E-06,0.99,3.86
19,A(Cl)3α,S(Me)8α,5.25,4.80,0.000168,0.99,2.10
20,S(Me)8α,Q9α,4.80,4.53,2.09E-05,0.99,2.97
21,G10NH,A(Cl)3β1,,,,,3.36
22,Q9NH,A(Cl)3β1,,,,,3.56
22,S(Me)8NH,S(Me)8β2,,,,,2.13
23,S(Me)8NH,S(Me)8β1,,,,,2.37
24,A(Cl)3NH,A(Cl)3β1,,,,,2.48
25,A(Cl)3NH,A(Cl)3β2,,,,,2.32
26,V2NH,A(Cl)3β1,,,,,2.63
27,V7NH,S(Me)8β1,,,,,2.60
28,A(Cl)3α,A(Cl)3β1,,,,,2.19
29,A(Cl)3α,A(Cl)3β2,,,,,2.36
30,S(Me)8α,A(Cl)3α1,,,,,2.93
31,S(Me)8α,S(Me)8β2,,,,,2.16
32,S(Me)8α,S(Me)8β1,,,,,2.25
33,S(Me)8NH, S(Me)8δ,,,,,3.62
34,V7NH,S(Me)8δ,,,,,3.30
35,S(Me)8α,S(Me)8δ,,,,,2.95






